abbr,handle,havePhoto,name,width,height
AFG,,true,,640,480
ALB,adventurealbania,true,Adventure Albania,750,563
DZA,,false,,,
AND,,false,,,
AGO,,false,,,
ATG,,false,,,
ARG,,false,,,
ARM,,false,,,
AUS,,false,,,
AUT,,false,,,
AZE,,false,,,
BHS,,false,,,
BHR,,false,,,
BGD,,false,,,
BRB,,false,,,
BLR,,true,Andrey Kukharenko,640,427
BEL,jorgefdezsalas,true,Jorge Fernández Salas,640,480
BLZ,merittthomas,true,Meritt Thomas,640,427
BEN,iwaria,true,Iwaria Inc.,640,426
BTN,raultaciu,true,Raul Taciu,640,427
BOL,andreahuls,true,Andrea Huls Pareja,640,427
BIH,lkorica_photo,true,Luka Korica,640,479
BWA,wynand_uys,true,Wynand Uys,640,398
BRA,smiley_shotz,true,Marianna Smiley,640,960
BRN,hungli_photo,true,Hung Li,640,360
BGR,dannyspasov,true,Dannyel Spasov,640,800
BFA,adam_yod,true,YODA Adaman,640,480
BDI,jsmika,true,Mika R,640,480
KHM,healthmaps,true,Dick Hoskins,640,480
CMR,tamba,true,Edouard TAMBA,640,394
CAN,thirdworldhippy,true,Mwangi Gatheca,750,937
CPV,flouchy,true,Florian K.,640,426
CYM,jack_lajoie,true,Jack Lajoie,640,360
CAF,redcharlie,true,redcharlie,640,427
TCD,,false,,,
CHL,stalskaya,true,Olga Stalska,640,427
CHN,onevibe,true,Aaron Greenwood,640,427
COL,janettypa_ph,true,Janet Restrepo,640,418
COM,,false,,,
COG,travyskande,true,Trésor Kande,640,427
COK,geens,true,Gina Lemafa,640,480
CRI,fabian_marin1,true,Fabian Marin Zuñiga,750,1125
CIV,evablue,true,Eva Blue,640,423
HRV,spencerdavis,true,Spencer Davis,640,426
CUB,jnnfrchn,true,Jennifer Chen,640,427
CYP,athina_vr,true,Athina Vrikki,640,545
CZE,mike_swigunski,true,Mike Swigunski,640,480
COD,misterjo,true,Johnnathan Tshibangu,640,427
DNK,potapenko,true,Maksym Potapenko,640,640
DJI,lderksen,true,Lesly Derksen,640,480
DMA,isaw,true,iSAW Company,640,360
DOM,juanluisf,true,Juan Fernández,640,425
ECU,reiseuhu,true,Reiseuhu,640,480
EGY,flying_carpet_tours,true,Flying Carpet,640,427
SLV,qikealarcon,true,Enrique Alarcon,640,335
GNQ,cristejeda_ph,true,Cristian Tejeda,640,425
ERI,,false,,,
EST,juliusjansson,true,Julius Jansson,750,1125
SWZ,smile_art,true,S&apos;mile Vilakati,640,427
ETH,erikhathaway,true,Erik Hathaway,640,413
FLK,yuriyr,true,Yuriy Rzhemovskiy,640,427
FJI,imcolourblind,true,Max,640,425
FIN,hendrikmorkel,true,Hendrik Morkel,640,427
FRA,kalimullin,true,Ilnur Kalimullin,640,960
GUF,floow,true,Flow Flo,640,427
GAB,jealife_pictures,true,JEaLiFe Pictures,640,427
GMB,kydroon,true,Kurt Cotoaga,640,360
GEO,pauline_lu,true,Polina Lukianets,640,480
DEU,electerious,true,Tobias Reich,640,960
GHA,yoel100,true,Yoel Winkler,640,511
GRC,despinagalani,true,Despina Galani,640,853
GRL,anniespratt,true,Annie Spratt,640,427
GRD,opixels,true,Hugh Whyte,640,360
GTM,rodmantgt,true,Rodrigo Escalante,640,427
GIN,,false,,,
GNB,timoun,true,Tim Oun,640,439
GUY,oudai1926,true,Dinesh Chandrapal,640,428
HTI,apolinis,true,Alex Polinis,640,360
HND,hectoremilio,true,Héctor Emilio Gonzalez,640,360
HUN,lukerv4,true,Ervin Lukacs,640,427
ISL,tompodmore86,true,Tom Podmore,640,427
IND,littlej1428,true,Julian Yu,640,427
IDN,jeremybishop,true,Jeremy Bishop,640,427
IRN,fkaymak,true,Faruk Kaymak,640,427
IRQ,saadx,true,Saad Salim,640,427
IRL,wiseguyinthesky,true,Paul Costello,750,938
ISR,shaipal,true,Shai Pal,640,480
ITA,dnovac,true,Dan Novac,640,428
JAM,lakeishajannell,true,Lakeisha Bennett,640,427
JPN,mrnuclear,true,ZHENYU LUO,640,427
JOR,emilegt,true,Emile Guillemot,640,426
KAZ,vladuken,true,Uladzislau Petrushkevich,640,427
KEN,sickle,true,Sergey Pesterev,640,963
KIR,winstonchen,true,Winston Chen,640,427
KWT,amed10,true,Ahmad Mohammed,640,384
KGZ,astat,true,Vladimir Ivanov,640,347
LAO,ioanafarr,true,Ioana Farcas,640,960
LVA,ivoprod,true,Ivars Utināns,640,480
LBN,studiomahfouz,true,Kassem Mahfouz,640,427
LSO,tmapigoti,true,Tatenda Mapigoti,640,427
LBR,palay,true,Jacob Kpehe,640,480
LBY,moayadzaghdani,true,Moayad Zaghdani,640,427
LIE,rickpsd,true,Henrique Ferreira,640,427
LTU,julkarrr,true,Julia Karnavusha,640,427
LUX,cedricletsch,true,Cedric Letsch,640,427
MDG,graphicnode,true,Graphic Node,640,427
MWI,rayjo,true,Ray Aucott,640,853
MYS,esmonde,true,Esmonde Yong,640,430
MDV,surf_maldives,true,Hussain Hameed,640,480
MLI,kagou_dicko,true,Kagou Dicko,640,480
MLT,mtsap,true,Michail Tsapas,640,427
MHL,,false,,,
MRT,,false,,,
MUS,,false,,,
MEX,jezar,true,Jezael Melgoza,750,500
FSM,,false,,,
MDA,,false,,,
MCO,,false,,,
MNG,,false,,,
MNE,,false,,,
MAR,,false,,,
MOZ,,false,,,
MMR,,false,,,
NAM,,false,,,
NPL,,false,,,
NLD,muzykalnepodroze,true,Muzykalne Podróże,750,1008
NCL,,false,,,
NZL,,false,,,
NIC,,false,,,
NER,,false,,,
NGA,,false,,,
PRK,,false,,,
MKD,adventurealbania,true,Adventure Albania,640,480
NOR,jelle_van_leest,true,Jelle Van Leest,750,1333
OMN,,false,,,
PAK,,false,,,
PLW,,false,,,
PSE,,false,,,
PAN,,false,,,
PNG,,false,,,
PRY,,false,,,
PER,,false,,,
PHL,,false,,,
POL,,false,,,
PRT,alexrvasey,true,Alex Vasey,750,1000
PRI,zetong,true,Zetong Li,640,640
QAT,erprekurat,true,Radoslaw Prekurat,640,427
ROU,majklvelner,true,Majkl Velner,640,427
RUS,nikolayv,true,Nikolay Vorobyev,640,827
RWA,niyomax,false,maxime niyomwungeri,,
KNA,wizzi95,true,Omar Martin,640,480
LCA,jannerboy62,true,Nick Fewings,640,427
VCT,iplaytheairguitar,true,George Apodaca,640,480
WSM,amromzes,true,Romeo Leaupepe Su’a,640,960
SMR,philipmyr,true,Philip Myrtorp,640,360
STP,,false,,,
SAU,hydngallery,true,Haidan,640,853
SEN,tongni,true,TD AD,640,427
SRB,cirkanye,true,Nikola Cirkovic,640,427
SYC,cacciahands,true,Christian Cacciamani,640,480
SLE,abdulaisayni80,true,Abdulai Sayni,640,360
SGP,unfilteredkopi,true,Swapnil Bapat,640,480
SVN,nevenkrcmarek,true,Neven Krcmarek,640,404
SLB,glt23,true,Gilly Tanabose,640,359
SOM,saacid,true,Saacid Ahmed,640,480
ZAF,linaloos,true,Lina Loos,640,427
KOR,robsonhmorgan,true,Robson Hatsukami Morgan,640,960
SSD,a7med7,true,Ahmed Alghali,640,853
ESP,whatyouhide,true,Andrea Leopardi,750,1125
LKA,smeshny,true,Siarhei Palishchuk,640,360
SDN,mohammedmojahed,true,Mohammed Mojahed,640,480
SUR,vincentvanzalinge,true,Vincent van Zalinge,640,427
SWE,scottstuckle3,true,Scott Stuckle,640,427
CHE,rickpsd,true,Henrique Ferreira,640,426
SYR,photo98shoot,true,abd sarakbi,640,427
TUR,shahjafar,true,Shah Abdullah,640,672
TWN,,false,,,
TJK,etienneflorent,true,Etienne Dayer,640,360
TZA,huchenme,true,Hu Chen,640,960
TZA,mr_chief,true,Matthew Spiteri,640,960
THA,robinnoguier,true,Robin Noguier,640,427
TLS,tanushreerao,true,Tanushree Rao,640,479
TGO,ingeborgkorme,true,Ingeborg Korme,640,960
TON,russmail,true,Vince Russell,640,427
TTO,thrustonbenny,true,Thruston Benny,640,360
TUN,haythemgataa,true,Haythem Gataa,640,353
TKM,igrigoriy,true,Григорий Захарьян,640,363
TUV,winstonchen,false,Winston Chen,,
UGA,randominstitute,true,Random Institute,640,427
UKR,albovsky,true,Glib Albovsky,640,400
ARE,div8018,true,Divjot Ratra,640,427
GBR,bendavisual,true,Benjamin Davies,640,427
USA,impatrickt,true,Patrick Tomasso,640,426
UZB,far5n10v,true,Farhodjon Chinberdiev,640,512
VEN,arq_blee,true,Bona Lee,640,303
ESH,leret,true,Carlos Leret,640,480
YEM,,true,Almwald Alezzey,640,446
ZMB,pauljmilley,true,paul milley,640,960
URY,pedroslinger,true,Pedro Slinger,750,1125
VUT,,false,,,
VNM,ammiengo,true,Ammie Ngo,750,500
ZWE,,false,,,